f,r,x
0.100000,10000.00,-7311.03
0.124950,10000.00,-9826.86
0.149900,10000.00,-10000.00
0.174850,10000.00,-10000.00
0.199800,10000.00,-10000.00
0.224750,10000.00,-10000.00
0.249700,10000.00,-10000.00
0.274650,10000.00,-10000.00
0.299600,10000.00,-10000.00
0.324550,10000.00,-10000.00
0.349500,10000.00,-10000.00
0.374450,10000.00,-10000.00
0.399400,10000.00,-10000.00
0.424350,10000.00,-10000.00
0.449300,10000.00,-10000.00
0.474250,10000.00,-10000.00
0.499200,10000.00,-10000.00
0.524150,10000.00,-10000.00
0.549100,10000.00,-10000.00
0.574050,10000.00,-10000.00
0.599000,10000.00,-10000.00
0.623950,10000.00,-10000.00
0.648900,10000.00,-10000.00
0.673850,10000.00,-10000.00
0.698800,10000.00,-10000.00
0.723750,10000.00,-10000.00
0.748700,10000.00,-10000.00
0.773650,10000.00,-10000.00
0.798600,10000.00,-10000.00
0.823550,10000.00,-10000.00
0.848500,10000.00,-10000.00
0.873450,10000.00,-10000.00
0.898400,10000.00,-10000.00
0.923350,10000.00,-10000.00
0.948300,10000.00,-10000.00
0.973250,10000.00,-10000.00
0.998200,10000.00,-10000.00
1.023150,10000.00,-10000.00
1.048100,10000.00,-10000.00
1.073050,9735.57,-10000.00
1.098000,9392.26,-10000.00
1.122950,9042.22,-10000.00
1.147900,8751.52,-10000.00
1.172850,8508.53,-10000.00
1.197800,8132.68,-10000.00
1.222750,7922.13,-10000.00
1.247700,7623.42,-10000.00
1.272650,7358.25,-10000.00
1.297600,7048.49,-10000.00
1.322550,6901.60,-10000.00
1.347500,6716.91,-10000.00
1.372450,6549.07,-10000.00
1.397400,6300.14,-10000.00
1.422350,6054.93,-10000.00
1.447300,5859.81,-10000.00
1.472250,5656.31,-10000.00
1.497200,5508.39,-10000.00
1.522150,5365.84,-10000.00
1.547100,5211.42,-10000.00
1.572050,5137.61,-10000.00
1.597000,4928.37,-10000.00
1.621950,4848.81,-10000.00
1.646900,4654.66,-10000.00
1.671850,4546.58,-10000.00
1.696800,4418.78,-10000.00
1.721750,4306.54,-10000.00
1.746700,4211.08,-10000.00
1.771650,4065.30,-10000.00
1.796600,3965.11,-10000.00
1.821550,3851.85,-10000.00
1.846500,3784.49,-10000.00
1.871450,3666.53,-10000.00
1.896400,3570.48,-10000.00
1.921350,3508.23,-10000.00
1.946300,3422.28,-10000.00
1.971250,3345.78,-10000.00
1.996200,3272.62,-10000.00
2.021150,3198.05,-10000.00
2.046100,3111.75,-10000.00
2.071050,3059.76,-10000.00
2.096000,2992.05,-10000.00
2.120950,2905.03,-10000.00
2.145900,2838.65,-10000.00
2.170850,2785.12,-10000.00
2.195800,2717.68,-10000.00
2.220750,2665.52,-10000.00
2.245700,2601.08,-10000.00
2.270650,2555.02,-10000.00
2.295600,2492.01,-10000.00
2.320550,2460.61,-10000.00
2.345500,2388.31,-10000.00
2.370450,2342.93,-10000.00
2.395400,2307.43,-10000.00
2.420350,2249.12,-10000.00
2.445300,2207.47,-10000.00
2.470250,2169.17,-10000.00
2.495200,2121.43,-10000.00
2.520150,2082.72,-9919.10
2.545100,2037.89,-9816.81
2.570050,1995.79,-9718.65
2.595000,1957.96,-9629.65
2.619950,1931.07,-9566.15
2.644900,1884.28,-9453.89
2.669850,1853.81,-9379.96
2.694800,1819.32,-9295.46
2.719750,1786.73,-9215.01
2.744700,1752.86,-9130.15
2.769650,1719.19,-9044.94
2.794600,1680.95,-8947.28
2.819550,1662.51,-8899.73
2.844500,1633.48,-8823.97
2.869450,1599.43,-8734.75
2.894400,1571.23,-8659.99
2.919350,1550.71,-8604.65
2.944300,1517.04,-8513.10
2.969250,1491.47,-8443.35
2.994200,1464.62,-8369.43
3.019150,1435.81,-8288.62
3.044100,1421.04,-8247.24
3.069050,1390.84,-8161.81
3.094000,1371.09,-8105.21
3.118950,1346.57,-8034.07
3.143900,1330.95,-7988.91
3.168850,1308.36,-7922.46
3.193800,1289.48,-7866.59
3.218750,1266.26,-7796.93
3.243700,1247.09,-7739.16
3.268650,1177.12,-7525.96
3.293600,1210.39,-7627.29
3.318550,1188.19,-7558.65
3.343500,1170.49,-7503.39
3.368450,1151.28,-7442.58
3.393400,1138.15,-7401.10
3.418350,1123.49,-7354.56
3.443300,1102.65,-7287.29
3.468250,1086.44,-7234.59
3.493200,1072.94,-7190.24
3.518150,1054.34,-7129.15
3.543100,1037.24,-7072.32
3.568050,1023.38,-7025.80
3.593000,1006.83,-6969.69
3.617950,993.16,-6923.04
3.642900,978.05,-6871.01
3.667850,966.79,-6832.19
3.692800,950.18,-6774.44
3.717750,937.67,-6730.42
3.742700,924.09,-6682.18
3.767650,911.32,-6636.69
3.792600,897.98,-6588.79
3.817550,887.04,-6549.13
3.842500,873.26,-6499.18
3.867450,863.70,-6463.81
3.892400,849.54,-6411.49
3.917350,839.22,-6372.99
3.942300,826.20,-6324.17
3.967250,815.52,-6283.76
3.992200,805.27,-6244.45
4.017150,794.93,-6204.79
4.042100,782.79,-6158.05
4.067050,774.69,-6126.40
4.092000,765.11,-6088.79
4.116950,754.67,-6047.77
4.141900,744.96,-6009.06
4.166850,735.35,-5970.35
4.191800,725.23,-5929.73
4.216750,717.72,-5899.43
4.241700,706.22,-5852.01
4.266650,696.91,-5813.97
4.291600,690.39,-5787.04
4.316550,680.91,-5747.50
4.341500,672.62,-5712.60
4.366450,664.35,-5677.77
4.391400,656.77,-5645.54
4.416350,649.22,-5613.24
4.441300,638.90,-5568.67
4.466250,633.36,-5544.73
4.491200,624.59,-5506.32
4.516150,616.28,-5469.94
4.541100,610.84,-5446.06
4.566050,602.34,-5408.28
4.591000,593.97,-5370.76
4.615950,587.81,-5343.11
4.640900,581.21,-5313.06
4.665850,573.32,-5277.12
4.690800,569.32,-5258.78
4.715750,561.76,-5223.96
4.740700,554.13,-5188.51
4.765650,548.13,-5160.67
4.790600,542.41,-5133.73
4.815550,536.20,-5104.38
4.840500,529.17,-5070.93
4.865450,524.05,-5046.51
4.890400,518.22,-5018.41
4.915350,510.92,-4983.19
4.940300,506.61,-4962.17
4.965250,500.75,-4933.50
4.990200,493.51,-4897.86
5.015150,488.93,-4875.07
5.040100,483.55,-4848.23
5.065050,478.10,-4821.10
5.090000,472.56,-4793.07
5.114950,466.76,-4763.64
5.139900,461.99,-4739.27
5.164850,456.76,-4712.57
5.189800,451.56,-4685.61
5.214750,447.26,-4663.29
5.239700,442.17,-4636.69
5.264650,436.62,-4607.47
5.289600,432.26,-4584.63
5.314550,427.54,-4559.35
5.339500,423.35,-4537.16
5.364450,418.94,-4513.60
5.389400,414.31,-4488.31
5.414350,409.36,-4461.59
5.439300,405.75,-4441.80
5.464250,400.38,-4412.45
5.489200,396.88,-4392.93
5.514150,392.72,-4369.92
5.539100,387.97,-4343.32
5.564050,384.40,-4323.42
5.589000,380.50,-4301.38
5.613950,376.59,-4279.10
5.638900,372.59,-4256.45
5.663850,368.66,-4233.83
5.688800,365.04,-4213.09
5.713750,361.71,-4193.67
5.738700,358.24,-4173.59
5.763650,354.15,-4149.54
5.788600,349.92,-4124.69
5.813550,346.93,-4107.02
5.838500,343.64,-4087.46
5.863450,340.38,-4067.81
5.888400,336.65,-4045.45
5.913350,333.53,-4026.67
5.938300,329.74,-4003.62
5.963250,326.04,-3980.92
5.988200,323.22,-3963.82
6.013150,320.22,-3945.13
6.038100,316.54,-3922.30
6.063050,313.90,-3905.80
6.088000,311.17,-3888.82
6.112950,307.52,-3865.82
6.137900,304.52,-3846.88
6.162850,302.01,-3830.98
6.187800,298.76,-3810.13
6.212750,295.76,-3790.78
6.237700,292.56,-3770.31
6.262650,290.11,-3754.46
6.287600,287.42,-3736.84
6.312550,284.19,-3715.71
6.337500,281.80,-3699.96
6.362450,279.58,-3685.25
6.387400,276.08,-3661.92
6.412350,273.95,-3647.72
6.437300,270.93,-3627.40
6.462250,268.00,-3607.65
6.487200,265.90,-3593.35
6.512150,263.42,-3576.40
6.537100,260.99,-3559.59
6.562050,258.30,-3541.14
6.587000,256.19,-3526.52
6.611950,253.70,-3509.25
6.636900,250.69,-3488.08
6.661850,248.60,-3473.31
6.686800,245.95,-3454.68
6.711750,244.31,-3443.01
6.736700,241.80,-3425.06
6.761650,239.47,-3408.24
6.786600,237.29,-3392.66
6.811550,234.94,-3375.61
6.836500,233.00,-3361.36
6.861450,230.79,-3345.25
6.886400,228.81,-3330.64
6.911350,226.48,-3313.50
6.936300,224.39,-3298.02
6.961250,222.29,-3282.32
6.986200,220.28,-3267.25
7.011150,218.14,-3251.19
7.036100,216.41,-3238.11
7.061050,214.19,-3221.34
7.086000,212.25,-3206.43
7.110950,210.46,-3192.79
7.135900,208.32,-3176.36
7.160850,206.59,-3162.84
7.185800,204.62,-3147.56
7.210750,202.63,-3132.02
7.235700,200.99,-3119.27
7.260650,199.33,-3106.09
7.285600,197.06,-3088.11
7.310550,195.23,-3073.66
7.335500,193.36,-3058.58
7.360450,191.12,-3040.62
7.385400,189.28,-3025.62
7.410350,187.28,-3009.26
7.435300,184.84,-2989.26
7.460250,182.49,-2969.96
7.485200,180.36,-2952.10
7.510150,178.46,-2936.32
7.535100,177.37,-2927.13
7.560050,174.28,-2900.83
7.585000,172.45,-2885.22
7.609950,170.57,-2869.09
7.634900,169.06,-2856.07
7.659850,167.47,-2842.30
7.684800,165.92,-2828.83
7.709750,163.88,-2811.05
7.734700,162.38,-2797.79
7.759650,160.75,-2783.48
7.784600,159.34,-2771.14
7.809550,157.91,-2758.40
7.834500,156.51,-2745.85
7.859450,154.97,-2732.03
7.884400,153.60,-2719.73
7.909350,152.20,-2706.94
7.934300,150.78,-2694.14
7.959250,149.37,-2681.17
7.984200,148.12,-2669.70
8.009150,146.73,-2656.87
8.034100,145.30,-2643.55
8.059050,143.95,-2630.97
8.084000,142.59,-2618.12
8.108950,141.43,-2607.21
8.133900,139.97,-2593.47
8.158850,138.98,-2584.05
8.183800,137.83,-2573.16
8.208750,136.84,-2563.87
8.233700,136.41,-2560.12
8.258650,135.38,-2550.16
8.283600,134.12,-2538.06
8.308550,132.85,-2525.62
8.333500,131.62,-2513.57
8.358450,130.26,-2500.18
8.383400,129.20,-2489.68
8.408350,128.04,-2478.32
8.433300,126.91,-2467.05
8.458250,125.74,-2455.32
8.483200,124.70,-2445.05
8.508150,123.53,-2433.13
8.533100,122.71,-2424.68
8.558050,121.67,-2414.33
8.583000,120.67,-2404.04
8.607950,119.70,-2393.96
8.632900,118.77,-2384.54
8.657850,117.78,-2374.23
8.682800,116.61,-2362.01
8.707750,115.77,-2353.33
8.732700,114.75,-2342.68
8.757650,113.63,-2330.82
8.782600,112.72,-2321.17
8.807550,111.73,-2310.75
8.832500,110.80,-2300.57
8.857450,109.65,-2288.26
8.882400,108.59,-2276.69
8.907350,107.66,-2266.59
8.932300,106.48,-2253.75
8.957250,105.29,-2240.48
8.982200,104.15,-2227.85
9.007150,103.05,-2215.46
9.032100,102.13,-2205.12
9.057050,101.19,-2194.52
9.082000,100.23,-2183.77
9.106950,99.13,-2171.17
9.131900,98.20,-2160.46
9.156850,97.31,-2150.22
9.181800,96.31,-2138.81
9.206750,95.53,-2129.56
9.231700,94.61,-2118.86
9.256650,93.71,-2108.41
9.281600,92.80,-2097.63
9.306550,91.88,-2086.70
9.331500,90.93,-2075.30
9.356450,90.16,-2066.22
9.381400,89.26,-2055.34
9.406350,88.47,-2045.83
9.431300,87.77,-2037.33
9.456250,86.95,-2027.38
9.481200,86.17,-2017.63
9.506150,85.39,-2008.10
9.531100,84.54,-1997.77
9.556050,83.82,-1988.82
9.581000,83.03,-1979.05
9.605950,82.23,-1968.95
9.630900,81.52,-1960.13
9.655850,80.71,-1949.84
9.680800,80.04,-1941.31
9.705750,79.32,-1932.23
9.730700,78.58,-1922.81
9.755650,77.86,-1913.37
9.780600,77.15,-1904.35
9.805550,76.40,-1894.49
9.830500,75.72,-1885.80
9.855450,74.99,-1876.23
9.880400,74.29,-1866.99
9.905350,73.66,-1858.70
9.930300,72.91,-1848.68
9.955250,72.27,-1840.14
9.980200,71.59,-1831.12
10.005150,70.90,-1821.65
10.030100,70.28,-1813.24
10.055050,69.62,-1804.13
10.080000,68.88,-1794.01
10.104950,68.31,-1786.19
10.129900,67.65,-1777.05
10.154850,67.06,-1768.95
10.179800,66.64,-1763.54
10.204750,66.29,-1758.74
10.229700,65.72,-1750.79
10.254650,65.15,-1742.72
10.279600,64.42,-1732.25
10.304550,63.86,-1724.20
10.329500,63.19,-1714.61
10.354450,62.55,-1705.21
10.379400,61.96,-1696.70
10.404350,61.38,-1688.23
10.429300,60.80,-1679.63
10.454250,60.19,-1670.66
10.479200,59.63,-1662.42
10.504150,59.05,-1653.70
10.529100,58.50,-1645.51
10.554050,57.99,-1637.72
10.579000,57.56,-1631.26
10.603950,57.06,-1623.79
10.628900,56.59,-1616.59
10.653850,56.16,-1609.96
10.678800,55.64,-1602.07
10.703750,55.15,-1594.34
10.728700,54.62,-1586.11
10.753650,54.15,-1578.84
10.778600,53.59,-1569.97
10.803550,53.07,-1561.71
10.828500,52.56,-1553.64
10.853450,51.99,-1544.52
10.878400,51.50,-1536.55
10.903350,50.95,-1527.63
10.928300,50.43,-1519.32
10.953250,49.92,-1510.84
10.978200,49.37,-1501.77
11.003150,48.86,-1493.44
11.028100,48.36,-1485.02
11.053050,47.85,-1476.52
11.078000,47.31,-1467.35
11.102950,46.82,-1459.10
11.127900,46.35,-1451.14
11.152850,45.83,-1442.30
11.177800,45.39,-1434.61
11.202750,44.92,-1426.57
11.227700,44.42,-1417.79
11.252650,43.94,-1409.42
11.277600,43.46,-1401.03
11.302550,43.00,-1392.86
11.327500,42.54,-1384.62
11.352450,42.08,-1376.29
11.377400,41.64,-1368.44
11.402350,41.17,-1359.82
11.427300,40.76,-1352.31
11.452250,40.29,-1343.79
11.477200,39.84,-1335.42
11.502150,39.39,-1327.07
11.527100,38.97,-1319.14
11.552050,38.55,-1311.30
11.577000,38.12,-1303.15
11.601950,37.67,-1294.59
11.626900,37.28,-1287.18
11.651850,36.87,-1279.16
11.676800,36.45,-1271.04
11.701750,36.03,-1262.82
11.726700,35.63,-1255.02
11.751650,35.20,-1246.53
11.776600,34.82,-1238.80
11.801550,34.43,-1231.03
11.826500,34.02,-1222.78
11.851450,33.62,-1214.77
11.876400,33.24,-1206.80
11.901350,32.88,-1199.47
11.926300,32.47,-1190.96
11.951250,32.08,-1182.91
11.976200,31.71,-1175.01
12.001150,31.34,-1167.34
12.026100,30.98,-1159.47
12.051050,30.61,-1151.40
12.076000,30.25,-1143.66
12.100950,29.87,-1135.35
12.125900,29.51,-1127.50
12.150850,29.16,-1119.82
12.175800,28.81,-1112.00
12.200750,28.48,-1104.42
12.225700,28.10,-1095.79
12.250650,27.77,-1088.36
12.275600,27.42,-1080.38
12.300550,27.08,-1072.39
12.325500,26.75,-1064.73
12.350450,26.41,-1056.87
12.375400,26.08,-1049.01
12.400350,25.77,-1041.56
12.425300,25.43,-1033.33
12.450250,25.11,-1025.65
12.475200,24.77,-1017.41
12.500150,24.46,-1009.79
12.525100,24.14,-1001.89
12.550050,23.84,-994.34
12.575000,23.53,-986.38
12.599950,23.21,-978.46
12.624900,22.91,-970.67
12.649850,22.62,-963.12
12.674800,22.31,-955.06
12.699750,22.02,-947.50
12.724700,21.72,-939.72
12.749650,21.43,-932.05
12.774600,21.13,-924.00
12.799550,20.86,-916.46
12.824500,20.56,-908.43
12.849450,20.28,-900.78
12.874400,20.00,-892.84
12.899350,19.73,-885.25
12.924300,19.46,-877.60
12.949250,19.18,-869.61
12.974200,18.91,-861.85
12.999150,18.65,-854.23
13.024100,18.38,-846.41
13.049050,18.12,-838.58
13.074000,17.85,-830.65
13.098950,17.60,-822.93
13.123900,17.34,-815.04
13.148850,17.09,-807.40
13.173800,16.84,-799.53
13.198750,16.59,-791.76
13.223700,16.35,-783.94
13.248650,16.11,-776.34
13.273600,15.86,-768.32
13.298550,15.63,-760.61
13.323500,15.39,-752.76
13.348450,15.16,-744.91
13.373400,14.92,-737.08
13.398350,14.70,-729.41
13.423300,14.47,-721.56
13.448250,14.25,-713.71
13.473200,14.03,-705.96
13.498150,13.81,-698.09
13.523100,13.59,-690.32
13.548050,13.38,-682.53
13.573000,13.16,-674.56
13.597950,12.98,-666.98
13.622900,12.79,-659.04
13.647850,12.60,-651.09
13.672800,12.42,-643.42
13.697750,12.23,-635.42
13.722700,12.06,-627.62
13.747650,11.89,-619.89
13.772600,11.71,-611.93
13.797550,11.54,-604.15
13.822500,11.36,-596.36
13.847450,11.21,-588.50
13.872400,11.03,-580.60
13.897350,10.87,-572.86
13.922300,10.72,-564.87
13.947250,10.56,-556.98
13.972200,10.40,-548.96
13.997150,10.25,-541.13
14.022100,10.09,-533.24
14.047050,9.95,-525.28
14.072000,9.80,-517.34
14.096950,9.65,-509.38
14.121900,9.52,-501.46
14.146850,9.37,-493.53
14.171800,9.23,-485.43
14.196750,9.10,-477.40
14.221700,8.97,-469.55
14.246650,8.84,-461.44
14.271600,8.70,-453.35
14.296550,8.58,-445.32
14.321500,8.47,-437.21
14.346450,8.34,-429.09
14.371400,8.22,-421.08
14.396350,8.11,-412.98
14.421300,7.99,-404.82
14.446250,7.89,-396.73
14.471200,7.78,-388.60
14.496150,7.67,-380.39
14.521100,7.57,-372.19
14.546050,7.47,-364.06
14.571000,7.38,-355.85
14.595950,7.43,-347.62
14.620900,7.68,-339.44
14.645850,7.88,-330.99
14.670800,8.17,-322.84
14.695750,8.32,-314.55
14.720700,8.50,-306.24
14.745650,8.64,-297.96
14.770600,8.79,-289.67
14.795550,9.01,-281.27
14.820500,9.17,-272.89
14.845450,9.37,-264.57
14.870400,9.57,-256.01
14.895350,9.70,-247.68
14.920300,9.83,-239.16
14.945250,10.06,-230.69
14.970200,10.16,-222.30
14.995150,10.31,-213.80
15.020100,10.53,-205.16
15.045050,10.64,-196.67
15.070000,10.79,-188.04
15.094950,10.90,-179.52
15.119900,11.06,-170.87
15.144850,11.16,-162.23
15.169800,11.31,-153.53
15.194750,11.45,-144.87
15.219700,11.55,-136.16
15.244650,11.67,-127.39
15.269600,11.78,-118.61
15.294550,11.93,-109.77
15.319500,12.07,-100.95
15.344450,12.16,-92.07
15.369400,12.23,-83.15
15.394350,12.30,-74.24
15.419300,12.44,-65.31
15.444250,12.50,-56.36
15.469200,12.60,-47.39
15.494150,12.66,-38.35
15.519100,12.72,-29.32
15.544050,12.85,-20.24
15.569000,12.88,-11.17
15.593950,12.91,-2.01
15.618900,12.99,7.11
15.643850,13.04,16.26
15.668800,13.10,25.49
15.693750,13.14,34.72
15.718700,13.21,44.00
15.743650,13.25,53.30
15.768600,13.33,62.67
15.793550,13.36,72.05
15.818500,13.41,81.46
15.843450,13.47,90.89
15.868400,13.53,100.34
15.893350,13.54,109.85
15.918300,13.60,119.34
15.943250,13.73,128.93
15.968200,13.72,138.49
15.993150,13.78,148.17
16.018100,13.82,157.88
16.043050,13.92,167.56
16.068000,13.95,177.30
16.092950,14.01,187.16
16.117900,14.14,196.99
16.142850,14.15,206.83
16.167800,14.25,216.79
16.192750,14.31,226.75
16.217700,14.39,236.83
16.242650,14.43,246.90
16.267600,14.49,257.03
16.292550,14.55,267.20
16.317500,14.58,277.44
16.342450,14.71,287.71
16.367400,14.79,298.08
16.392350,14.80,308.45
16.417300,14.90,318.92
16.442250,14.95,329.43
16.467200,15.03,340.04
16.492150,15.03,350.64
16.517100,15.15,361.34
16.542050,15.19,372.07
16.567000,15.30,382.93
16.591950,15.35,393.87
16.616900,15.47,404.75
16.641850,15.46,415.73
16.666800,15.45,426.78
16.691750,15.56,437.96
16.716700,15.65,449.16
16.741650,15.70,460.51
16.766600,15.82,471.92
16.791550,15.77,483.29
16.816500,15.94,494.78
16.841450,15.99,506.37
16.866400,16.04,518.09
16.891350,16.10,529.83
16.916300,16.15,541.69
16.941250,16.21,553.55
16.966200,16.28,565.55
16.991150,16.32,577.76
17.016100,16.31,589.93
17.041050,16.40,602.09
17.066000,16.42,614.38
17.090950,16.46,626.82
17.115900,16.49,639.43
17.140850,16.51,651.97
17.165800,16.51,664.67
17.190750,16.75,677.44
17.215700,16.74,690.40
17.240650,16.89,703.28
17.265600,16.99,716.50
17.290550,16.87,729.78
17.315500,17.04,743.28
17.340450,17.34,756.45
17.365400,17.78,770.21
17.390350,18.22,783.87
17.415300,18.65,797.66
17.440250,19.08,811.63
17.465200,19.59,825.92
17.490150,20.06,840.09
17.515100,20.56,854.39
17.540050,21.05,868.79
17.565000,21.56,883.86
17.589950,22.12,898.40
17.614900,22.69,913.50
17.639850,23.28,928.67
17.664800,23.81,943.70
17.689750,24.43,958.96
17.714700,25.07,974.86
17.739650,25.68,990.46
17.764600,26.32,1006.23
17.789550,27.01,1022.83
17.814500,27.73,1039.31
17.839450,28.40,1055.62
17.864400,29.13,1072.18
17.889350,29.87,1089.02
17.914300,30.65,1105.94
17.939250,31.45,1123.15
17.964200,32.28,1141.02
17.989150,33.07,1158.37
18.014100,33.92,1176.44
18.039050,34.83,1194.59
18.064000,35.76,1212.83
18.088950,36.69,1231.71
18.113900,37.65,1250.73
18.138850,38.66,1270.08
18.163800,39.67,1289.27
18.188750,40.74,1309.18
18.213700,41.87,1329.65
18.238650,42.99,1349.97
18.263600,44.15,1370.62
18.288550,45.29,1391.28
18.313500,46.58,1412.74
18.338450,47.83,1434.30
18.363400,49.18,1455.94
18.388350,50.56,1479.01
18.413300,51.96,1501.50
18.438250,53.45,1525.43
18.463200,54.86,1548.14
18.488150,56.56,1572.98
18.513100,58.17,1597.25
18.538050,59.82,1622.09
18.563000,61.57,1647.45
18.587950,63.37,1673.21
18.612900,65.25,1699.53
18.637850,67.14,1726.62
18.662800,69.11,1754.05
18.687750,71.19,1782.05
18.712700,73.39,1810.77
18.737650,75.70,1839.80
18.762600,77.98,1869.04
18.787550,80.45,1900.06
18.812500,83.03,1931.58
18.837450,85.72,1964.61
18.862400,88.42,1996.62
18.887350,91.30,2030.47
18.912300,94.37,2064.63
18.937250,97.55,2101.40
18.962200,100.77,2136.62
18.987150,104.10,2172.99
19.012100,107.71,2210.53
19.037050,111.47,2250.54
19.062000,115.30,2290.36
19.086950,119.48,2332.83
19.111900,123.98,2374.17
19.136850,128.32,2418.79
19.161800,133.08,2463.86
19.186750,138.17,2509.79
19.211700,143.54,2558.18
19.236650,149.52,2609.55
19.261600,155.37,2659.34
19.286550,161.73,2714.10
19.311500,168.20,2768.36
19.336450,175.13,2825.05
19.361400,182.92,2885.43
19.386350,190.58,2944.82
19.411300,199.38,3010.51
19.436250,208.10,3074.33
19.461200,217.65,3143.66
19.486150,227.43,3212.59
19.511100,239.30,3293.44
19.536050,251.06,3371.65
19.561000,263.76,3452.36
19.585950,276.77,3536.64
19.610900,293.07,3634.06
19.635850,309.04,3729.78
19.660800,325.84,3827.12
19.685750,344.38,3930.70
19.710700,366.33,4051.14
19.735650,388.54,4164.68
19.760600,413.64,4294.01
19.785550,441.89,4434.22
19.810500,472.63,4578.61
19.835450,505.35,4728.83
19.860400,544.70,4903.34
19.885350,585.79,5073.87
19.910300,635.06,5274.02
19.935250,690.57,5487.02
19.960200,773.61,5707.98
19.985150,861.14,5953.51
20.010100,982.63,6209.68
20.035050,1119.28,6512.08
20.060000,1265.89,6822.74
20.084950,1476.64,7165.37
20.109900,1701.19,7576.31
20.134850,1985.14,7992.44
20.159800,2333.11,8442.30
20.184750,2774.08,8959.23
20.209700,3303.88,9486.65
20.234650,4009.97,10000.00
20.259600,4940.53,10000.00
20.284550,6085.42,10000.00
20.309500,7570.52,10000.00
20.334450,9429.80,10000.00
20.359400,10000.00,10000.00
20.384350,10000.00,10000.00
20.409300,10000.00,9251.13
20.434250,10000.00,6283.26
20.459200,10000.00,2430.28
20.484150,10000.00,-1118.20
20.509100,10000.00,-4073.27
20.534050,10000.00,-5896.82
20.559000,10000.00,-6934.46
20.583950,10000.00,-7381.22
20.608900,9283.16,-7329.47
20.633850,7908.41,-7198.57
20.658800,6800.78,-6864.26
20.683750,5909.67,-6491.71
20.708700,5176.94,-6145.57
20.733650,4560.81,-5767.90
20.758600,4060.27,-5416.15
20.783550,3655.94,-5080.38
20.808500,3299.85,-4782.58
20.833450,2990.74,-4489.50
20.858400,2735.99,-4214.58
20.883350,2508.84,-3971.10
20.908300,2315.80,-3737.85
20.933250,2141.81,-3520.46
20.958200,1995.74,-3311.41
20.983150,1859.91,-3124.18
21.008100,1742.27,-2941.83
21.033050,1639.11,-2775.41
21.058000,1540.96,-2616.87
21.082950,1456.87,-2469.71
21.107900,1379.99,-2326.85
21.132850,1312.63,-2195.12
21.157800,1249.59,-2069.30
21.182750,1191.57,-1950.57
21.207700,1139.67,-1837.24
21.232650,1092.94,-1730.78
21.257600,1047.72,-1627.05
21.282550,1008.17,-1529.61
21.307500,971.06,-1436.06
21.332450,936.60,-1348.27
21.357400,904.17,-1263.93
21.382350,873.87,-1182.11
21.407300,846.46,-1103.77
21.432250,821.19,-1028.33
21.457200,797.00,-956.04
21.482150,775.02,-885.62
21.507100,753.34,-817.62
21.532050,732.29,-752.26
21.557000,713.66,-688.59
21.581950,696.08,-626.05
21.606900,678.84,-566.20
21.631850,663.04,-507.14
21.656800,647.40,-450.76
21.681750,632.48,-396.00
21.706700,618.49,-342.17
21.731650,605.49,-289.93
21.756600,592.13,-238.39
21.781550,580.01,-189.19
21.806500,568.44,-140.43
21.831450,556.52,-92.75
21.856400,545.09,-45.99
21.881350,534.16,-0.40
21.906300,524.70,44.08
21.931250,514.76,87.95
21.956200,504.78,131.56
21.981150,495.61,173.69
22.006100,486.51,215.50
22.031050,477.43,256.24
22.056000,469.67,296.58
22.080950,461.48,336.18
22.105900,454.13,375.76
22.130850,446.75,414.47
22.155800,439.41,452.28
22.180750,433.11,490.42
22.205700,426.59,528.00
22.230650,420.39,565.30
22.255600,414.65,602.10
22.280550,409.11,638.85
22.305500,403.79,674.97
22.330450,398.69,711.02
22.355400,393.96,747.03
22.380350,389.55,783.18
22.405300,384.93,818.93
22.430250,380.92,854.81
22.455200,376.90,889.20
22.480150,373.46,924.40
22.505100,370.03,958.92
22.530050,366.70,993.21
22.555000,362.73,1027.39
22.579950,360.30,1060.94
22.604900,356.87,1095.17
22.629850,354.52,1129.42
22.654800,351.61,1163.04
22.679750,349.01,1196.45
22.704700,346.34,1230.03
22.729650,344.39,1262.89
22.754600,343.06,1296.35
22.779550,340.20,1330.24
22.804500,338.99,1363.40
22.829450,337.65,1396.73
22.854400,336.14,1430.19
22.879350,334.91,1464.66
22.904300,333.81,1499.57
22.929250,332.71,1534.33
22.954200,333.91,1567.30
22.979150,333.49,1602.43
23.004100,332.86,1636.79
23.029050,330.54,1672.77
23.054000,329.47,1704.33
23.078950,327.60,1736.34
23.103900,327.37,1768.19
23.128850,326.08,1799.50
23.153800,324.76,1829.45
23.178750,322.70,1863.64
23.203700,321.98,1895.90
23.228650,321.73,1929.94
23.253600,320.08,1963.22
23.278550,320.81,1997.40
23.303500,315.86,2031.59
23.328450,316.86,2065.50
23.353400,316.33,2099.32
23.378350,315.81,2134.16
23.403300,314.93,2168.79
23.428250,313.52,2203.71
23.453200,314.04,2237.70
23.478150,312.62,2274.49
23.503100,310.69,2311.47
23.528050,310.61,2345.47
23.553000,309.99,2383.42
23.577950,308.28,2419.30
23.602900,308.67,2453.35
23.627850,309.29,2490.91
23.652800,307.69,2529.15
23.677750,307.38,2566.22
23.702700,305.77,2604.65
23.727650,304.82,2641.42
23.752600,304.47,2678.18
23.777550,302.60,2719.15
23.802500,304.07,2754.46
23.827450,302.26,2792.88
23.852400,299.33,2833.35
23.877350,295.91,2871.25
23.902300,300.43,2912.42
23.927250,296.67,2950.96
23.952200,299.02,2993.33
23.977150,298.25,3034.19
24.002100,296.95,3075.03
24.027050,295.82,3118.93
24.052000,293.98,3161.17
24.076950,297.21,3205.42
24.101900,293.94,3250.70
24.126850,293.27,3294.74
24.151800,296.97,3338.97
24.176750,293.42,3383.63
24.201700,293.26,3430.18
24.226650,295.02,3476.52
24.251600,297.71,3526.38
24.276550,293.70,3574.92
24.301500,300.38,3621.64
24.326450,307.10,3667.91
24.351400,313.93,3715.03
24.376350,320.87,3758.80
24.401300,327.92,3810.38
24.426250,336.77,3863.63
24.451200,343.95,3909.31
24.476150,352.26,3963.96
24.501100,359.76,4010.34
24.526050,370.21,4073.02
24.551000,378.63,4121.64
24.575950,386.73,4170.07
24.600900,395.94,4222.90
24.625850,405.60,4280.30
24.650800,415.78,4337.82
24.675750,424.78,4387.94
24.700700,435.51,4448.53
24.725650,446.21,4508.58
24.750600,456.70,4564.87
24.775550,468.79,4626.29
24.800500,481.19,4692.20
24.825450,491.64,4748.17
24.850400,503.44,4807.95
24.875350,518.34,4882.13
24.900300,530.39,4945.75
24.925250,543.72,5009.65
24.950200,558.75,5078.53
24.975150,572.54,5144.35
25.000100,586.20,5209.15
25.025050,600.55,5274.42
25.050000,615.42,5345.19
25.074950,631.35,5418.94
25.099900,648.69,5490.02
25.124850,667.90,5573.54
25.149800,681.21,5633.28
25.174750,701.92,5721.31
25.199700,719.31,5795.39
25.224650,738.34,5870.01
25.249600,757.70,5954.18
25.274550,779.92,6042.68
25.299500,801.00,6126.23
25.324450,823.32,6214.64
25.349400,842.24,6286.76
25.374350,870.28,6391.79
25.399300,896.18,6489.22
25.424250,919.93,6577.04
25.449200,944.13,6667.39
25.474150,971.46,6765.88
25.499100,1004.28,6880.40
25.524050,1035.09,6988.69
25.549000,1067.21,7096.35
25.573950,1100.16,7202.84
25.598900,1131.87,7310.66
25.623850,1165.81,7425.49
25.648800,1204.69,7542.78
25.673750,1242.99,7660.22
25.698700,1283.19,7785.49
25.723650,1335.54,7943.86
25.748600,1373.70,8056.52
25.773550,1427.64,8213.47
25.798500,1472.95,8339.96
25.823450,1532.88,8503.00
25.848400,1581.50,8633.48
25.873350,1640.82,8789.08
25.898300,1697.38,8935.15
25.923250,1761.40,9096.39
25.948200,1831.30,9269.29
25.973150,1902.10,9440.59
25.998100,1980.84,9626.46
26.023050,2051.19,9789.83
26.048000,2137.04,9984.31
26.072950,2207.42,10000.00
26.097900,2300.14,10000.00
26.122850,2382.79,10000.00
26.147800,2479.25,10000.00
26.172750,2598.71,10000.00
26.197700,2710.62,10000.00
26.222650,2811.43,10000.00
26.247600,2955.55,10000.00
26.272550,3052.15,10000.00
26.297500,3192.77,10000.00
26.322450,3327.51,10000.00
26.347400,3488.03,10000.00
26.372350,3627.71,10000.00
26.397300,3808.75,10000.00
26.422250,3970.09,10000.00
26.447200,4178.18,10000.00
26.472150,4404.92,10000.00
26.497100,4594.69,10000.00
26.522050,4844.21,10000.00
26.547000,5103.56,10000.00
26.571950,5353.89,10000.00
26.596900,5657.69,10000.00
26.621850,5965.02,10000.00
26.646800,6327.44,10000.00
26.671750,6690.24,10000.00
26.696700,7070.93,10000.00
26.721650,7452.63,10000.00
26.746600,7884.72,10000.00
26.771550,8424.73,10000.00
26.796500,8854.05,10000.00
26.821450,9428.32,10000.00
26.846400,10000.00,10000.00
26.871350,10000.00,10000.00
26.896300,10000.00,10000.00
26.921250,10000.00,10000.00
26.946200,10000.00,10000.00
26.971150,10000.00,10000.00
26.996100,10000.00,10000.00
27.021050,10000.00,10000.00
27.046000,10000.00,10000.00
27.070950,10000.00,10000.00
27.095900,10000.00,10000.00
27.120850,10000.00,10000.00
27.145800,10000.00,10000.00
27.170750,10000.00,10000.00
27.195700,10000.00,10000.00
27.220650,10000.00,10000.00
27.245600,10000.00,10000.00
27.270550,10000.00,10000.00
27.295500,10000.00,10000.00
27.320450,10000.00,10000.00
27.345400,10000.00,10000.00
27.370350,10000.00,10000.00
27.395300,10000.00,10000.00
27.420250,10000.00,10000.00
27.445200,10000.00,8332.63
27.470150,10000.00,4690.98
27.495100,10000.00,2352.21
27.520050,10000.00,-1490.17
27.545000,10000.00,-5225.86
27.569950,10000.00,-7548.59
27.594900,10000.00,-10000.00
27.619850,10000.00,-10000.00
27.644800,10000.00,-10000.00
27.669750,10000.00,-10000.00
27.694700,10000.00,-10000.00
27.719650,10000.00,-10000.00
27.744600,10000.00,-10000.00
27.769550,10000.00,-10000.00
27.794500,10000.00,-10000.00
27.819450,10000.00,-10000.00
27.844400,10000.00,-10000.00
27.869350,10000.00,-10000.00
27.894300,10000.00,-10000.00
27.919250,10000.00,-10000.00
27.944200,10000.00,-10000.00
27.969150,10000.00,-10000.00
27.994100,10000.00,-10000.00
28.019050,10000.00,-10000.00
28.044000,10000.00,-10000.00
28.068950,10000.00,-10000.00
28.093900,10000.00,-10000.00
28.118850,10000.00,-10000.00
28.143800,10000.00,-10000.00
28.168750,10000.00,-10000.00
28.193700,10000.00,-10000.00
28.218650,10000.00,-10000.00
28.243600,10000.00,-10000.00
28.268550,9445.09,-10000.00
28.293500,9022.63,-10000.00
28.318450,8631.27,-10000.00
28.343400,8254.61,-10000.00
28.368350,7837.32,-10000.00
28.393300,7479.52,-10000.00
28.418250,7155.69,-10000.00
28.443200,6845.94,-10000.00
28.468150,6504.70,-10000.00
28.493100,6310.61,-10000.00
28.518050,6073.71,-10000.00
28.543000,5807.72,-10000.00
28.567950,5633.44,-10000.00
28.592900,5345.13,-10000.00
28.617850,5162.98,-10000.00
28.642800,4950.39,-10000.00
28.667750,4756.76,-10000.00
28.692700,4594.91,-10000.00
28.717650,4472.16,-10000.00
28.742600,4287.79,-10000.00
28.767550,4176.81,-10000.00
28.792500,4035.14,-10000.00
28.817450,3886.06,-10000.00
28.842400,3771.17,-10000.00
28.867350,3669.91,-10000.00
28.892300,3531.68,-10000.00
28.917250,3433.14,-10000.00
28.942200,3320.26,-10000.00
28.967150,3231.50,-10000.00
28.992100,3120.16,-10000.00
29.017050,3060.12,-10000.00
29.042000,2958.25,-10000.00
29.066950,2881.94,-10000.00
29.091900,2791.61,-10000.00
29.116850,2724.21,-10000.00
29.141800,2663.45,-10000.00
29.166750,2582.32,-10000.00
29.191700,2510.09,-10000.00
29.216650,2434.72,-10000.00
29.241600,2392.21,-10000.00
29.266550,2325.67,-10000.00
29.291500,2263.92,-10000.00
29.316450,2214.96,-10000.00
29.341400,2156.94,-10000.00
29.366350,2111.20,-9963.49
29.391300,2053.57,-9832.62
29.416250,2024.60,-9766.23
29.441200,1954.72,-9603.01
29.466150,1921.34,-9523.92
29.491100,1877.98,-9419.86
29.516050,1836.09,-9319.00
29.541000,1795.99,-9220.31
29.565950,1750.18,-9106.30
29.590900,1719.95,-9029.86
29.615850,1680.81,-8930.33
29.640800,1642.61,-8831.76
29.665750,1618.26,-8768.27
29.690700,1574.56,-8653.04
29.715650,1545.18,-8574.72
29.740600,1522.94,-8514.63
29.765550,1489.71,-8424.36
29.790500,1451.29,-8318.11
29.815450,1428.70,-8254.68
29.840400,1396.96,-8164.91
29.865350,1372.47,-8095.53
29.890300,1343.62,-8012.05
29.915250,1324.64,-7956.69
29.940200,1297.99,-7879.01
29.965150,1271.14,-7798.31
29.990100,1254.75,-7749.37
30.015050,1231.81,-7679.96
30.040000,1205.01,-7598.00
30.064950,1184.33,-7533.79
30.089900,1167.78,-7482.09
30.114850,1148.28,-7420.72
30.139800,1125.33,-7347.95
30.164750,1113.31,-7309.45
30.189700,1092.88,-7243.21
30.214650,1072.19,-7176.19
30.239600,1056.41,-7124.10
30.264550,1042.05,-7076.31
30.289500,1023.37,-7013.74
30.314450,1007.62,-6960.51
30.339400,987.95,-6893.54
30.364350,977.11,-6856.16
30.389300,958.94,-6793.28
30.414250,941.59,-6732.79
30.439200,931.10,-6695.53
30.464150,917.48,-6647.20
30.489100,904.91,-6602.01
30.514050,889.37,-6546.20
30.539000,875.51,-6495.58
30.563950,863.62,-6452.00
30.588900,853.39,-6414.17
30.613850,840.64,-6366.78
30.638800,829.63,-6325.37
30.663750,817.17,-6278.61
30.688700,806.15,-6236.55
30.713650,794.12,-6190.63
30.738600,784.18,-6152.30
30.763550,772.04,-6105.28
30.788500,764.62,-6075.98
30.813450,752.71,-6028.89
30.838400,743.84,-5993.76
30.863350,735.41,-5959.96
30.888300,725.18,-5918.99
30.913250,717.19,-5886.92
30.938200,706.05,-5841.32
30.963150,701.43,-5822.39
30.988100,686.76,-5761.77
31.013050,680.98,-5737.59
31.038000,670.85,-5695.19
31.062950,662.59,-5660.33
31.087900,657.10,-5636.91
31.112850,647.86,-5597.61
31.137800,640.28,-5565.09
31.162750,633.11,-5534.09
31.187700,624.28,-5495.77
31.212650,617.87,-5467.36
31.237600,610.54,-5435.18
31.262550,603.29,-5403.18
31.287500,593.51,-5359.78
31.312450,588.51,-5337.06
31.337400,582.54,-5310.03
31.362350,576.08,-5280.56
31.387300,568.59,-5246.45
31.412250,564.32,-5226.55
31.437200,555.67,-5186.79
31.462150,549.34,-5157.34
31.487100,544.35,-5134.10
31.512050,538.48,-5106.46
31.537000,529.83,-5065.35
31.561950,525.31,-5043.78
31.586900,520.86,-5022.44
31.611850,514.22,-4990.49
31.636800,511.18,-4975.84
31.661750,505.44,-4947.70
31.686700,500.34,-4922.87
31.711650,493.73,-4890.46
31.736600,488.20,-4863.15
31.761550,483.69,-4840.20
31.786500,478.26,-4813.38
31.811450,473.33,-4788.58
31.836400,468.90,-4766.03
31.861350,464.51,-4743.74
31.886300,460.77,-4724.47
31.911250,455.26,-4696.17
31.936200,450.73,-4672.68
31.961150,446.64,-4651.55
31.986100,441.42,-4624.30
32.011050,437.84,-4605.70
32.036000,432.43,-4577.28
32.060950,428.23,-4555.15
32.085900,424.87,-4536.95
32.110850,420.55,-4513.84
32.135800,416.50,-4491.93
32.160750,412.89,-4472.65
32.185700,409.41,-4453.69
32.210650,405.32,-4431.42
32.235600,402.06,-4413.38
32.260550,397.25,-4387.15
32.285500,393.56,-4366.44
32.310450,390.66,-4350.35
32.335400,387.97,-4335.51
32.360350,382.55,-4305.23
32.385300,380.65,-4294.18
32.410250,376.29,-4269.62
32.435200,374.80,-4261.08
32.460150,368.67,-4225.91
32.485100,366.23,-4212.15
32.510050,363.07,-4193.86
32.535000,360.41,-4178.39
32.559950,356.99,-4158.18
32.584900,355.03,-4146.80
32.609850,351.50,-4126.26
32.634800,347.60,-4103.10
32.659750,344.99,-4087.53
32.684700,341.92,-4069.43
32.709650,338.60,-4049.50
32.734600,336.26,-4035.25
32.759550,332.28,-4011.30
32.784500,330.30,-3999.07
32.809450,327.37,-3981.47
32.834400,325.19,-3968.15
32.859350,321.61,-3946.22
32.884300,319.55,-3933.42
32.909250,316.66,-3915.29
32.934200,314.17,-3899.99
32.959150,311.77,-3885.14
32.984100,309.45,-3870.41
33.009050,306.65,-3852.94
33.034000,305.30,-3844.14
33.058950,301.99,-3823.12
33.083900,299.42,-3806.81
33.108850,297.55,-3794.85
33.133800,295.05,-3778.75
33.158750,292.25,-3760.66
33.183700,290.24,-3747.62
33.208650,288.33,-3735.19
33.233600,285.99,-3719.89
33.258550,283.84,-3705.72
33.283500,281.44,-3689.79
33.308450,280.19,-3681.66
33.333400,277.20,-3661.85
33.358350,275.34,-3649.34
33.383300,272.72,-3632.06
33.408250,270.89,-3619.73
33.433200,268.93,-3606.40
33.458150,267.44,-3596.32
33.483100,265.05,-3580.18
33.508050,262.58,-3563.48
33.533000,260.96,-3552.40
33.557952,258.94,-3538.41
33.582900,257.27,-3526.97
33.607848,255.15,-3512.14
33.632800,253.43,-3500.21
33.657752,251.76,-3488.65
33.682700,249.49,-3472.55
33.707648,248.16,-3463.35
33.732600,246.01,-3448.17
33.757552,244.01,-3434.13
33.782500,242.13,-3420.54
33.807448,240.67,-3410.33
33.832400,238.56,-3395.17
33.857352,237.26,-3385.79
33.882300,234.95,-3369.05
33.907248,233.44,-3358.21
33.932200,232.13,-3348.72
33.957152,230.21,-3334.59
33.982100,228.93,-3325.18
34.007048,227.28,-3313.10
34.032000,225.07,-3296.83
34.056952,223.35,-3284.08
34.081900,222.16,-3275.15
34.106848,220.96,-3266.23
34.131800,218.87,-3250.60
34.156752,217.42,-3239.71
34.181700,215.78,-3227.29
34.206648,214.12,-3214.65
34.231600,212.54,-3202.69
34.256552,210.77,-3189.07
34.281500,209.79,-3181.60
34.306448,208.20,-3169.36
34.331400,206.83,-3158.80
34.356352,205.40,-3147.76
34.381300,203.54,-3133.27
34.406248,202.67,-3126.41
34.431200,200.95,-3112.93
34.456152,199.95,-3105.06
34.481100,198.03,-3089.80
34.506048,196.97,-3081.50
34.531000,195.61,-3070.63
34.555952,194.09,-3058.39
34.580900,192.80,-3048.20
34.605848,191.48,-3037.66
34.630800,191.08,-3034.25
34.655752,188.92,-3016.87
34.680700,187.88,-3008.27
34.705648,186.52,-2997.36
34.730600,184.71,-2982.61
34.755552,183.82,-2975.25
34.780500,182.67,-2965.84
34.805448,181.65,-2957.34
34.830400,180.26,-2945.85
34.855352,179.20,-2936.82
34.880300,178.06,-2927.46
34.905248,176.80,-2916.93
34.930200,175.76,-2908.14
34.955152,174.37,-2896.45
34.980100,173.42,-2888.34
35.005048,171.71,-2873.91
35.030000,171.10,-2868.60
35.054952,169.77,-2857.38
35.079900,168.50,-2846.46
35.104848,167.44,-2837.27
35.129800,166.37,-2828.06
35.154752,165.44,-2820.08
35.179700,164.27,-2809.81
35.204648,162.90,-2797.85
35.229600,162.17,-2791.36
35.254552,160.95,-2780.62
35.279500,159.97,-2771.94
35.304448,159.00,-2763.41
35.329400,158.14,-2755.72
35.354352,157.27,-2747.85
35.379300,156.01,-2736.63
35.404248,154.94,-2727.04
35.429200,153.83,-2717.22
35.454152,153.00,-2709.54
35.479100,152.09,-2701.34
35.504048,151.07,-2692.10
35.529000,149.99,-2682.13
35.553952,149.16,-2674.48
35.578900,148.26,-2666.34
35.603848,147.45,-2658.86
35.628800,146.25,-2647.84
35.653752,145.29,-2638.90
35.678700,144.45,-2631.07
35.703648,143.63,-2623.38
35.728600,142.64,-2614.17
35.753552,141.73,-2605.49
35.778500,140.91,-2597.86
35.803448,140.21,-2591.25
35.828400,139.07,-2580.40
35.853352,138.18,-2571.85
35.878300,137.53,-2565.56
35.903248,136.70,-2557.66
35.928200,135.82,-2549.13
35.953152,134.92,-2540.63
35.978100,133.90,-2530.68
36.003048,133.31,-2524.96
36.028000,132.51,-2517.13
36.052952,131.76,-2509.93
36.077900,130.88,-2501.15
36.102848,130.10,-2493.40
36.127800,129.14,-2484.18
36.152752,128.37,-2476.39
36.177700,127.74,-2470.16
36.202648,126.99,-2462.66
36.227600,126.28,-2455.47
36.252552,125.41,-2446.70
36.277500,124.50,-2437.60
36.302448,124.18,-2434.43
36.327400,123.32,-2425.77
36.352352,122.58,-2418.19
36.377300,121.52,-2407.34
36.402248,121.04,-2402.45
36.427200,120.36,-2395.49
36.452152,119.52,-2386.87
36.477100,118.78,-2379.26
36.502048,118.08,-2372.01
36.527000,117.32,-2364.15
36.551952,116.75,-2358.11
36.576900,116.03,-2350.80
36.601848,115.38,-2343.95
36.626800,114.53,-2334.88
36.651752,114.01,-2329.52
36.676700,113.25,-2321.44
36.701648,112.71,-2315.60
36.726600,111.89,-2306.89
36.751552,111.34,-2301.10
36.776500,110.53,-2292.36
36.801448,110.04,-2287.08
36.826400,109.35,-2279.80
36.851352,108.82,-2273.85
36.876300,107.97,-2264.68
36.901248,107.31,-2257.47
36.926200,106.76,-2251.57
36.951152,106.17,-2245.08
36.976100,105.47,-2237.37
37.001048,104.92,-2231.32
37.026000,104.15,-2222.76
37.050952,103.68,-2217.50
37.075900,103.00,-2209.88
37.100848,102.37,-2202.99
37.125800,101.78,-2196.32
37.150752,101.13,-2189.08
37.175700,100.63,-2183.32
37.200648,100.14,-2177.90
37.225600,99.35,-2168.86
37.250552,98.82,-2162.80
37.275500,98.38,-2157.75
37.300448,97.83,-2151.45
37.325400,97.07,-2142.67
37.350352,96.65,-2137.85
37.375300,96.07,-2131.25
37.400248,95.47,-2124.22
37.425200,94.90,-2117.56
37.450152,94.42,-2112.08
37.475100,93.73,-2104.06
37.500048,93.25,-2098.25
37.525000,92.70,-2091.68
37.549952,92.13,-2085.05
37.574900,91.60,-2078.89
37.599848,91.10,-2072.93
37.624800,90.52,-2065.84
37.649752,90.03,-2060.16
37.674700,89.60,-2054.83
37.699648,89.04,-2048.11
37.724600,88.50,-2041.62
37.749552,87.92,-2034.54
37.774500,87.53,-2029.77
37.799448,86.92,-2022.59
37.824400,86.44,-2016.71
37.849352,85.82,-2009.10
37.874300,85.33,-2003.05
37.899248,84.95,-1998.49
37.924200,84.35,-1990.94
37.949152,83.99,-1986.34
37.974100,83.33,-1978.34
37.999048,82.92,-1973.00
38.024000,82.47,-1967.53
38.048952,81.94,-1960.72
38.073900,81.47,-1954.95
38.098848,81.12,-1950.47
38.123800,80.68,-1944.76
38.148752,80.09,-1937.36
38.173700,79.63,-1931.58
38.198648,79.14,-1925.20
38.223600,78.66,-1918.99
38.248552,78.17,-1912.85
38.273500,77.76,-1907.43
38.298448,77.34,-1901.93
38.323400,76.82,-1895.27
38.348352,76.46,-1890.45
38.373300,75.93,-1883.69
38.398248,75.57,-1877.86
38.423200,74.98,-1871.14
38.448152,74.66,-1866.05
38.473100,74.27,-1861.09
38.498048,73.85,-1855.31
38.523000,73.45,-1850.11
38.547952,72.98,-1843.54
38.572900,72.58,-1837.95
38.597848,72.05,-1831.67
38.622800,71.60,-1825.32
38.647752,71.26,-1819.67
38.672700,70.97,-1814.95
38.697648,70.41,-1808.24
38.722600,69.92,-1802.00
38.747552,69.59,-1796.60
38.772500,69.22,-1791.65
38.797448,68.77,-1785.22
38.822400,68.34,-1779.01
38.847352,67.99,-1774.04
38.872300,67.63,-1769.29
38.897248,67.14,-1761.44
38.922200,66.77,-1756.45
38.947152,66.43,-1751.26
38.972100,65.94,-1744.26
38.997048,65.48,-1738.57
39.022000,65.19,-1733.91
39.046952,64.70,-1727.76
39.071900,64.47,-1722.99
39.096848,64.07,-1717.09
39.121800,63.66,-1711.09
39.146752,63.30,-1705.81
39.171700,62.87,-1699.81
39.196648,62.57,-1694.41
39.221600,62.17,-1689.35
39.246552,61.82,-1684.29
39.271500,61.40,-1677.25
39.296448,61.07,-1672.20
39.321400,60.68,-1666.83
39.346352,60.28,-1660.61
39.371300,59.89,-1654.19
39.396248,59.56,-1649.69
39.421200,59.21,-1644.16
39.446152,58.78,-1637.84
39.471100,58.47,-1632.87
39.496048,58.11,-1627.34
39.521000,57.78,-1621.89
39.545952,57.44,-1616.15
39.570900,57.10,-1610.70
39.595848,56.71,-1604.66
39.620800,56.33,-1598.85
39.645752,56.04,-1593.96
39.670700,55.66,-1588.19
39.695648,55.32,-1582.86
39.720600,54.98,-1577.05
39.745552,54.56,-1570.85
39.770500,54.28,-1566.14
39.795448,53.99,-1561.00
39.820400,53.60,-1554.89
39.845352,53.31,-1549.40
39.870300,53.01,-1544.16
39.895248,52.70,-1538.86
39.920200,52.29,-1532.59
39.945152,52.00,-1527.69
39.970100,51.64,-1521.30
39.995048,51.37,-1516.41
40.020000,51.08,-1511.72
40.044952,50.66,-1505.35
40.069900,50.35,-1499.41
40.094848,50.05,-1494.41
40.119800,49.83,-1490.10
40.144752,49.50,-1483.78
40.169700,49.14,-1478.24
40.194648,48.87,-1473.30
40.219600,48.57,-1467.60
40.244552,48.23,-1462.17
40.269500,47.97,-1457.12
40.294448,47.62,-1451.77
40.319400,47.35,-1446.43
40.344352,47.09,-1440.93
40.369300,46.79,-1435.71
40.394248,46.41,-1429.51
40.419200,46.22,-1424.72
40.444152,45.81,-1418.78
40.469100,45.55,-1413.21
40.494048,45.27,-1407.93
40.519000,45.00,-1402.79
40.543952,44.72,-1397.03
40.568900,44.44,-1392.10
40.593848,44.20,-1387.07
40.618800,43.90,-1381.53
40.643752,43.58,-1375.69
40.668700,43.32,-1370.62
40.693648,43.07,-1365.11
40.718600,42.75,-1359.41
40.743552,42.45,-1354.27
40.768500,42.21,-1349.02
40.793448,41.93,-1343.49
40.818400,41.71,-1338.56
40.843352,41.37,-1332.50
40.868300,41.15,-1327.54
40.893248,40.84,-1321.67
40.918200,40.61,-1316.35
40.943152,40.31,-1310.76
40.968100,40.12,-1306.07
40.993048,39.83,-1300.45
41.018000,39.52,-1294.37
41.042952,39.28,-1289.34
41.067900,39.07,-1283.94
41.092848,38.82,-1278.72
41.117800,38.51,-1272.63
41.142752,38.30,-1267.70
41.167700,38.03,-1262.14
41.192648,37.78,-1256.64
41.217600,37.59,-1251.60
41.242552,37.38,-1246.64
41.267500,37.10,-1240.85
41.292448,36.85,-1235.18
41.317400,36.62,-1229.86
41.342352,36.35,-1224.47
41.367300,36.19,-1219.58
41.392248,35.91,-1213.67
41.417200,35.62,-1207.80
41.442152,35.43,-1202.59
41.467100,35.21,-1197.00
41.492048,34.98,-1191.76
41.517000,34.77,-1186.46
41.541952,34.59,-1181.31
41.566900,34.38,-1175.76
41.591848,34.13,-1170.00
41.616800,33.94,-1164.85
41.641752,33.72,-1159.40
41.666700,33.54,-1153.99
41.691648,33.31,-1148.52
41.716600,33.15,-1143.32
41.741552,32.90,-1137.26
41.766500,32.69,-1132.16
41.791448,32.49,-1126.55
41.816400,32.28,-1121.01
41.841352,32.10,-1115.66
41.866300,31.94,-1110.28
41.891248,31.75,-1105.12
41.916200,31.56,-1099.54
41.941152,31.39,-1094.17
41.966100,31.23,-1088.58
41.991048,32.19,-1082.77
42.016000,32.45,-1076.90
42.040952,33.33,-1071.71
42.065900,33.46,-1066.22
42.090848,34.36,-1060.79
42.115800,34.59,-1054.64
42.140752,35.33,-1049.88
42.165700,36.19,-1044.26
42.190648,36.72,-1038.56
42.215600,37.25,-1032.78
42.240552,37.60,-1027.40
42.265500,38.29,-1022.26
42.290448,39.33,-1016.23
42.315400,39.83,-1010.56
42.340352,40.44,-1004.99
42.365300,40.97,-999.57
42.390248,41.71,-993.70
42.415200,42.23,-988.47
42.440152,42.71,-982.38
42.465100,43.54,-977.45
42.490048,44.44,-971.31
42.515000,44.88,-965.51
42.539952,45.96,-959.94
42.564900,46.61,-954.25
42.589848,47.36,-948.35
42.614800,48.20,-942.68
42.639752,49.06,-937.24
42.664700,50.05,-931.48
42.689648,50.82,-925.56
42.714600,51.54,-919.85
42.739552,52.47,-913.93
42.764500,53.08,-907.84
42.789448,54.12,-902.15
42.814400,55.22,-895.91
42.839352,56.16,-890.42
42.864300,57.01,-884.37
42.889248,58.24,-878.42
42.914200,59.39,-872.38
42.939152,60.16,-866.51
42.964100,61.42,-860.87
42.989048,62.68,-854.33
43.014000,63.40,-848.55
43.038952,64.46,-842.27
43.063900,65.73,-836.73
43.088848,66.99,-830.37
43.113800,68.10,-824.39
43.138752,69.29,-818.34
43.163700,71.13,-812.25
43.188648,72.29,-805.92
43.213600,73.61,-800.13
43.238552,75.02,-793.89
43.263500,76.14,-787.66
43.288448,78.23,-781.47
43.313400,79.59,-775.40
43.338352,81.18,-768.88
43.363300,82.96,-762.96
43.388248,85.03,-756.95
43.413200,86.88,-750.50
43.438152,89.00,-743.97
43.463100,91.14,-737.87
43.488048,93.32,-731.62
43.513000,95.52,-725.10
43.537952,97.67,-719.06
43.562900,100.12,-712.48
43.587848,102.56,-705.94
43.612800,105.00,-699.82
43.637752,107.66,-693.75
43.662700,110.11,-687.16
43.687648,112.96,-680.89
43.712600,115.72,-674.56
43.737552,118.56,-667.92
43.762500,121.03,-662.28
43.787448,124.81,-655.84
43.812400,127.90,-649.70
43.837352,131.36,-643.70
43.862300,134.76,-637.08
43.887248,138.30,-631.20
43.912200,141.55,-625.54
43.937152,145.23,-619.65
43.962100,149.55,-613.49
43.987048,153.98,-607.51
44.012000,158.12,-602.10
44.036952,162.89,-595.94
44.061900,167.54,-590.58
44.086848,172.72,-584.66
44.111800,177.69,-579.05
44.136752,183.01,-574.60
44.161700,188.63,-569.07
44.186648,194.53,-564.22
44.211600,200.27,-560.48
44.236552,206.46,-555.08
44.261500,213.12,-552.16
44.286448,219.81,-548.15
44.311400,226.61,-544.26
44.336352,233.30,-541.24
44.361300,240.64,-539.37
44.386248,247.96,-537.42
44.411200,255.31,-535.63
44.436152,262.56,-534.92
44.461100,270.20,-534.53
44.486048,276.95,-533.66
44.511000,284.85,-535.61
44.535952,291.71,-536.79
44.560900,298.72,-539.59
44.585848,305.04,-541.75
44.610800,311.34,-545.65
44.635752,316.59,-550.75
44.660700,321.66,-555.28
44.685648,325.61,-561.39
44.710600,328.64,-567.19
44.735552,331.35,-575.17
44.760500,332.52,-582.41
44.785448,331.05,-588.75
44.810400,331.26,-597.66
44.835352,328.74,-605.51
44.860300,324.69,-613.67
44.885248,320.07,-618.94
44.910200,314.28,-626.88
44.935152,307.39,-631.26
44.960100,299.57,-636.52
44.985048,290.99,-640.66
45.010000,280.70,-644.58
45.034952,271.85,-646.72
45.059900,261.82,-646.38
45.084848,250.86,-646.47
45.109800,241.20,-646.36
45.134752,230.03,-643.97
45.159700,220.11,-641.51
45.184648,209.89,-638.22
45.209600,199.85,-633.45
45.234552,189.52,-628.23
45.259500,181.03,-622.89
45.284448,171.90,-616.41
45.309400,162.64,-609.51
45.334352,154.98,-602.33
45.359300,147.61,-594.88
45.384248,140.12,-586.80
45.409200,132.97,-578.75
45.434152,126.81,-570.34
45.459100,120.75,-561.65
45.484048,114.52,-552.85
45.509000,109.36,-544.09
45.533952,104.40,-534.95
45.558900,99.79,-525.92
45.583848,94.79,-516.88
45.608800,90.80,-507.46
45.633752,87.23,-498.16
45.658700,83.45,-488.78
45.683648,79.77,-479.53
45.708600,76.75,-470.06
45.733552,73.59,-460.80
45.758500,70.98,-451.44
45.783448,67.98,-442.13
45.808400,65.65,-432.74
45.833352,63.27,-423.50
45.858300,61.01,-414.14
45.883248,58.97,-404.86
45.908200,56.88,-395.64
45.933152,55.30,-386.37
45.958100,53.41,-377.17
45.983048,51.80,-367.96
46.008000,50.46,-358.74
46.032952,48.80,-349.64
46.057900,47.51,-340.38
46.082848,46.28,-331.24
46.107800,45.04,-322.03
46.132752,44.00,-312.99
46.157700,43.04,-303.93
46.182648,41.98,-294.87
46.207600,41.07,-285.86
46.232552,40.28,-276.78
46.257500,39.57,-267.75
46.282448,38.66,-258.71
46.307400,37.95,-249.76
46.332352,37.24,-240.71
46.357300,36.58,-231.74
46.382248,36.04,-222.76
46.407200,35.47,-213.79
46.432152,34.96,-204.81
46.457100,34.49,-195.75
46.482048,34.01,-186.77
46.507000,33.55,-177.79
46.531952,33.18,-168.78
46.556900,32.75,-159.76
46.581848,32.38,-150.78
46.606800,32.04,-141.72
46.631752,31.75,-132.66
46.656700,31.39,-123.64
46.681648,31.16,-114.58
46.706600,30.85,-105.48
46.731552,30.56,-96.42
46.756500,30.36,-87.28
46.781448,30.09,-78.20
46.806400,29.86,-69.11
46.831352,29.69,-59.96
46.856300,29.48,-50.83
46.881248,29.33,-41.65
46.906200,29.11,-32.45
46.931152,28.96,-23.28
46.956100,28.85,-14.08
46.981048,28.74,-4.85
47.006000,28.60,4.45
47.030952,28.51,13.71
47.055900,28.39,23.06
47.080848,28.30,32.39
47.105800,28.23,41.77
47.130752,28.15,51.16
47.155700,28.14,60.54
47.180648,28.09,70.00
47.205600,28.02,79.41
47.230552,28.02,88.91
47.255500,28.00,98.42
47.280448,28.03,108.04
47.305400,28.02,117.60
47.330352,27.99,127.19
47.355300,28.05,136.82
47.380248,28.08,146.53
47.405200,28.19,156.26
47.430152,28.17,166.05
47.455100,28.25,175.86
47.480048,28.33,185.70
47.505000,28.43,195.56
47.529952,28.50,205.54
47.554900,28.60,215.54
47.579848,28.70,225.56
47.604800,28.85,235.69
47.629752,28.90,245.86
47.654700,29.07,255.98
47.679648,29.20,266.23
47.704600,29.33,276.52
47.729552,29.41,286.85
47.754500,29.53,297.33
47.779448,29.74,307.75
47.804400,29.87,318.26
47.829352,30.03,328.81
47.854300,30.25,339.44
47.879248,30.37,350.14
47.904200,30.54,360.92
47.929152,30.83,371.79
47.954100,30.93,382.67
47.979048,31.08,393.49
48.004000,31.31,404.50
48.028952,31.42,415.52
48.053900,31.70,426.66
48.078848,31.96,438.05
48.103800,32.19,449.14
48.128752,32.37,460.60
48.153700,32.54,471.94
48.178648,32.80,483.46
48.203600,33.11,494.89
48.228552,33.41,506.74
48.253500,33.78,518.42
48.278448,33.89,530.19
48.303400,34.09,541.85
48.328352,34.28,553.73
48.353300,34.63,565.71
48.378248,35.07,577.99
48.403200,35.22,590.07
48.428152,35.61,602.40
48.453100,35.87,614.75
48.478048,36.17,627.22
48.503000,36.59,639.96
48.527952,36.76,652.31
48.552900,37.06,664.95
48.577848,37.36,677.77
48.602800,37.69,690.54
48.627752,38.23,703.67
48.652700,38.39,716.83
48.677648,38.74,729.93
48.702600,39.04,743.43
48.727552,39.63,756.69
48.752500,39.67,770.16
48.777448,40.25,783.98
48.802400,40.71,797.88
48.827352,41.04,811.26
48.852300,41.22,825.40
48.877248,41.58,839.19
48.902200,42.25,853.42
48.927152,42.97,867.58
48.952100,43.19,882.23
48.977048,43.48,896.55
49.002000,44.25,911.68
49.026952,44.49,926.09
49.051900,44.60,940.98
49.076848,45.31,955.54
49.101800,45.66,970.88
49.126752,45.98,986.32
49.151700,46.53,1001.66
49.176648,47.21,1017.32
49.201600,47.13,1032.48
49.226552,47.87,1048.59
49.251500,48.75,1064.56
49.276448,48.79,1080.32
49.301400,49.32,1097.16
49.326352,49.63,1113.08
49.351300,50.68,1129.38
49.376248,50.75,1146.75
49.401200,51.00,1162.98
49.426152,52.07,1179.96
49.451100,52.32,1197.10
49.476048,52.99,1214.79
49.501000,53.20,1231.47
49.525952,54.00,1249.71
49.550900,55.09,1267.76
49.575848,55.22,1285.54
49.600800,55.49,1303.78
49.625752,56.61,1321.87
49.650700,56.60,1341.59
49.675648,57.67,1360.20
49.700600,58.17,1378.68
49.725552,58.59,1398.43
49.750500,59.24,1417.14
49.775448,59.93,1436.54
49.800400,61.21,1457.06
49.825352,61.59,1477.65
49.850300,62.49,1497.30
49.875248,63.34,1517.90
49.900200,63.08,1538.33
49.925152,64.22,1559.41
49.950100,64.80,1579.20
49.975048,65.92,1602.02
50.000000,67.03,1627.22
